{"Position":{"x":-3.1813108921051027,"y":-0.5181218981742859,"z":0.0},"Name":"BobMushroom","SceneID":2}